{
  "split": "test",
  "n_samples": 886,
  "global": {
    "cramps": 0.11252141536405702,
    "respiratory_rate_pz": 0.09053411284091727,
    "resting_hr_pz": 0.08615308329746743,
    "demographic_vo2_max": 0.08162633426347171,
    "nightly_temperature_roll3": 0.07113953934511028,
    "demographic_vo2_max_pz": 0.06800529226059063,
    "resting_hr_roll3": 0.06577654226138059,
    "hrv_rmssd_pz": 0.06305125733767693,
    "hrv_low_frequency_pz": 0.04471467003731715,
    "nightly_temperature_std_pz": 0.04186661815474331,
    "glucose_mean_pz": 0.041519323115017125,
    "glucose_mean": 0.039500936006436456,
    "nightly_temperature_pz": 0.03920149001070972,
    "resting_hr": 0.03622301077076837,
    "sleep_score_restlessness": 0.03605321615471586,
    "hrv_high_frequency": 0.03501116111773733,
    "sleep_score_overall_pz": 0.03463817029218307,
    "stress_score_pz": 0.03326829302888367,
    "sorebreasts": 0.03213371130022131,
    "nightly_temperature_std": 0.031118625480696122,
    "glucose_cv": 0.031016340958722664,
    "nightly_temperature": 0.02806339787710102,
    "steps_total_pz": 0.02777066442733226,
    "respiratory_rate": 0.027489208037886882,
    "active_minutes_very": 0.02687380135569027,
    "hrv_high_frequency_pz": 0.02579752119346133,
    "active_minutes_lightly": 0.02575429966936129,
    "sleep_score_deep_minutes": 0.024878578203495573,
    "sleep_efficiency_pz": 0.02400805764404568,
    "steps_total": 0.022021092367728763,
    "headaches": 0.021369213728498235,
    "sleep_score_overall": 0.02047421846713308,
    "sleep_efficiency": 0.020255410092337008,
    "bmi": 0.019403033493650013,
    "hrv_low_frequency": 0.018619744599279103,
    "active_minutes_moderately": 0.01774578524758688,
    "bloating": 0.016386431170288086,
    "hrv_rmssd": 0.01598069605746135,
    "active_minutes_sedentary": 0.015802241050600643,
    "glucose_std": 0.015232072828556422,
    "stress_score": 0.01467751655772449,
    "sleep_minutesasleep_pz": 0.0136934207068393,
    "stress": 0.012388705215711575,
    "sleep_minutesasleep": 0.012081504750832571,
    "sleep_time_in_bed": 0.010322466729407506,
    "indigestion": 0.010204174900636633,
    "sleepissue": 0.009981111578290153,
    "appetite": 0.00951645338375073,
    "foodcravings": 0.009460641008327013,
    "fatigue": 0.00909182643958159,
    "exerciselevel": 0.0066486350700912565,
    "age_of_first_menarche": 0.006197663051565586,
    "moodswing": 0.00560018899380754,
    "sleep_minutes_to_fall_asleep": 0.0
  },
  "by_class": {
    "Menstrual": {
      "cramps": 0.33021518981002823,
      "demographic_vo2_max": 0.07615389158179559,
      "resting_hr_roll3": 0.07169926814339085,
      "resting_hr_pz": 0.07036168037427268,
      "hrv_rmssd_pz": 0.06820545867350128,
      "nightly_temperature_roll3": 0.06215944763213345,
      "glucose_mean_pz": 0.05953859195032498,
      "sorebreasts": 0.05687111601547231,
      "resting_hr": 0.05207398653345322,
      "hrv_high_frequency_pz": 0.046590012728545495,
      "hrv_low_frequency_pz": 0.04647511331500064,
      "respiratory_rate_pz": 0.0461429347879007,
      "sleep_score_overall_pz": 0.04213729959046481,
      "glucose_mean": 0.04170785837447295,
      "nightly_temperature_std": 0.03465893254971643,
      "bloating": 0.033792125627459826,
      "nightly_temperature_pz": 0.03206993283154122,
      "stress": 0.03160298432546915,
      "hrv_rmssd": 0.031597922329662874,
      "active_minutes_very": 0.031520243128305286,
      "demographic_vo2_max_pz": 0.030187598209696485,
      "nightly_temperature_std_pz": 0.02834153003609353,
      "bmi": 0.027843448474926123,
      "indigestion": 0.026664857278700462,
      "respiratory_rate": 0.02489712333581967,
      "sleep_efficiency_pz": 0.02487717992269665,
      "steps_total_pz": 0.024813639676034952,
      "sleep_score_deep_minutes": 0.024372831937627806,
      "sleep_minutesasleep": 0.024013422560220814,
      "hrv_high_frequency": 0.02366046381797694,
      "nightly_temperature": 0.023204263299119843,
      "glucose_cv": 0.019997269072479312,
      "glucose_std": 0.01905160118466853,
      "hrv_low_frequency": 0.01878562074232165,
      "steps_total": 0.01742411359275712,
      "sleep_minutesasleep_pz": 0.017396630060803376,
      "foodcravings": 0.01620568105639783,
      "headaches": 0.01541035918752767,
      "stress_score_pz": 0.014078795558546969,
      "sleep_efficiency": 0.013347320714859771,
      "sleep_score_restlessness": 0.012931928402354874,
      "active_minutes_lightly": 0.012917170210597588,
      "sleep_score_overall": 0.012495984517063335,
      "sleepissue": 0.010702069860269676,
      "active_minutes_sedentary": 0.008731637834182508,
      "fatigue": 0.00822781474400248,
      "appetite": 0.00798711781149427,
      "active_minutes_moderately": 0.007965629440960851,
      "stress_score": 0.007512468150744093,
      "moodswing": 0.0070879715247944225,
      "age_of_first_menarche": 0.006965877005486019,
      "sleep_time_in_bed": 0.0063655595934960655,
      "exerciselevel": 0.0022948192144655565,
      "sleep_minutes_to_fall_asleep": 0.0
    },
    "Follicular": {
      "nightly_temperature_roll3": 0.08702292099144092,
      "demographic_vo2_max": 0.07918431314179536,
      "respiratory_rate_pz": 0.07677091424784276,
      "resting_hr_pz": 0.07499064054776794,
      "resting_hr_roll3": 0.07375508160441045,
      "cramps": 0.0708412684134136,
      "glucose_cv": 0.06785558996168403,
      "demographic_vo2_max_pz": 0.06289584225302039,
      "stress_score_pz": 0.06158506017782892,
      "glucose_mean": 0.05777775385619738,
      "nightly_temperature": 0.056244101033958535,
      "hrv_high_frequency": 0.05190045719382243,
      "resting_hr": 0.045813473766794593,
      "sorebreasts": 0.03898525147919586,
      "hrv_low_frequency_pz": 0.03818882177429487,
      "respiratory_rate": 0.0358301530695293,
      "hrv_rmssd_pz": 0.0341725976051047,
      "sleep_efficiency_pz": 0.032188049131078374,
      "glucose_mean_pz": 0.03155956490706625,
      "nightly_temperature_std_pz": 0.031055319146523524,
      "headaches": 0.030795645195164797,
      "sleep_score_overall_pz": 0.028777168559561004,
      "active_minutes_moderately": 0.02838984863049394,
      "hrv_low_frequency": 0.026637091044933628,
      "nightly_temperature_std": 0.026205167697319703,
      "sleep_efficiency": 0.023977537514707156,
      "sleep_score_restlessness": 0.021605031291745132,
      "steps_total": 0.021305213972743917,
      "active_minutes_lightly": 0.02103903536103635,
      "exerciselevel": 0.02024412277871124,
      "bloating": 0.019458068815714314,
      "active_minutes_sedentary": 0.019280838599869392,
      "stress_score": 0.018013669991146126,
      "nightly_temperature_pz": 0.017972020109765563,
      "sleep_minutesasleep_pz": 0.017407774577424238,
      "sleep_time_in_bed": 0.015952385111913627,
      "active_minutes_very": 0.015571150661975395,
      "sleep_score_deep_minutes": 0.01462747548067786,
      "hrv_rmssd": 0.013157162056922632,
      "sleep_minutesasleep": 0.012559659945369055,
      "bmi": 0.011509767194628357,
      "glucose_std": 0.011479520395287145,
      "appetite": 0.0109822547322493,
      "hrv_high_frequency_pz": 0.01057922371626361,
      "sleepissue": 0.010318554923247012,
      "steps_total_pz": 0.007873886501968696,
      "fatigue": 0.006765946396730653,
      "stress": 0.006309195673234961,
      "moodswing": 0.006289845635480271,
      "age_of_first_menarche": 0.0062457232960009,
      "sleep_score_overall": 0.006117262588812866,
      "foodcravings": 0.005039053624156116,
      "indigestion": 0.002614760891572798,
      "sleep_minutes_to_fall_asleep": 0.0
    },
    "Fertility": {
      "respiratory_rate_pz": 0.15499034327107822,
      "sleep_score_restlessness": 0.08469617102635205,
      "nightly_temperature_std_pz": 0.07173346408426794,
      "demographic_vo2_max": 0.060735586839585416,
      "hrv_low_frequency_pz": 0.05765075173553452,
      "resting_hr_roll3": 0.05486336750925542,