{
  "appetite": {
    "mean": 2.9056773805947733,
    "std": 0.8321193938065053
  },
  "exerciselevel": {
    "mean": 2.3832982877741062,
    "std": 0.9822510487836654
  },
  "headaches": {
    "mean": 1.4634806131650135,
    "std": 1.406893185322418
  },
  "cramps": {
    "mean": 1.004810583283223,
    "std": 1.2689375143159478
  },
  "sorebreasts": {
    "mean": 0.8499699338544798,
    "std": 1.113976147068963
  },
  "fatigue": {
    "mean": 2.5015015015015014,
    "std": 1.4760013216863506
  },
  "sleepissue": {
    "mean": 2.0132211538461537,
    "std": 1.474909713246022
  },
  "moodswing": {
    "mean": 1.5655317866827358,
    "std": 1.422871053991143
  },
  "stress": {
    "mean": 2.5703547805171376,
    "std": 1.4644701350142202
  },
  "foodcravings": {
    "mean": 1.8280216476247746,
    "std": 1.5262739909567642
  },
  "indigestion": {
    "mean": 1.4479542719614922,
    "std": 1.416339465278578
  },
  "bloating": {
    "mean": 1.6041478809738503,
    "std": 1.4782104251787715
  },
  "resting_hr": {
    "mean": 69.5582755516403,
    "std": 6.358447680988501
  },
  "nightly_temperature": {
    "mean": 33.79116834504284,
    "std": 0.9100119270976629
  },
  "nightly_temperature_std": {
    "mean": 0.6067141833890302,
    "std": 0.28286122539674324
  },
  "hrv_rmssd": {
    "mean": 55.05903315794243,
    "std": 28.576935955522625
  },
  "hrv_high_frequency": {
    "mean": 954.5157064915733,
    "std": 918.1471620478129
  },
  "hrv_low_frequency": {
    "mean": 1379.7658585037739,
    "std": 945.8406290605166
  },
  "respiratory_rate": {
    "mean": 15.810275452529154,
    "std": 2.1262303620588803
  },
  "sleep_minutesasleep": {
    "mean": 403.7143618026806,
    "std": 89.34158984945053
  },
  "sleep_efficiency": {
    "mean": 93.14194802044146,
    "std": 7.732361812102753
  },
  "sleep_minutes_to_fall_asleep": {
    "mean": 0.15687772925764193,
    "std": 2.293688164811319
  },
  "sleep_time_in_bed": {
    "mean": 461.0079521824609,
    "std": 100.39271166849369
  },
  "sleep_score_overall": {
    "mean": 77.0661808154422,
    "std": 8.383786550241963
  },
  "sleep_score_deep_minutes": {
    "mean": 78.7400512214342,
    "std": 26.87732484190855
  },
  "sleep_score_restlessness": {
    "mean": 0.09035805006189838,
    "std": 0.03067955727885285
  },
  "steps_total": {
    "mean": 16782.922103741188,
    "std": 54088.445676053394
  },
  "active_minutes_sedentary": {
    "mean": 833.0992696781174,
    "std": 279.31464251983215
  },
  "active_minutes_lightly": {
    "mean": 162.6771897810219,
    "std": 105.22602407780927
  },
  "active_minutes_moderately": {
    "mean": 14.867883211678832,
    "std": 23.32420019892944
  },
  "active_minutes_very": {
    "mean": 16.40875912408759,
    "std": 26.66186358462367
  },
  "stress_score": {
    "mean": 67.88281434300542,
    "std": 25.7841022138864
  },
  "glucose_mean": {
    "mean": 110.91555002396889,
    "std": 13.535490232800582
  },
  "glucose_std": {
    "mean": 16.431655151240104,
    "std": 5.129295460900463
  },
  "glucose_cv": {
    "mean": 0.1493978722428515,
    "std": 0.047752988646507726
  },
  "demographic_vo2_max": {
    "mean": 3875.5679561232014,
    "std": 5649.079184464777
  },
  "age_of_first_menarche": {
    "mean": 11.873453517143867,
    "std": 1.1791447359587488
  },
  "bmi": {
    "mean": 24.11113698188812,
    "std": 5.4706052317981975
  },
  "resting_hr_roll3": {
    "mean": 69.57713092050702,
    "std": 6.348651298481179
  },
  "nightly_temperature_roll3": {
    "mean": 33.77991477006955,
    "std": 0.8190519185171978
  }
}